Industry,predicate,num
http://www.semanticweb.org/tianyiyuan/ontologies/comp6214/coursework1#AccommodationAndFoodServiceActivities,http://www.semanticweb.org/tianyiyuan/ontologies/comp6214/coursework1#apply_AccreditedFinanceagreements_Percentage,0.206
http://www.semanticweb.org/tianyiyuan/ontologies/comp6214/coursework1#AccommodationAndFoodServiceActivities,http://www.semanticweb.org/tianyiyuan/ontologies/comp6214/coursework1#apply_BusinessRatesholiday_Percentage,0.782
http://www.semanticweb.org/tianyiyuan/ontologies/comp6214/coursework1#AccommodationAndFoodServiceActivities,http://www.semanticweb.org/tianyiyuan/ontologies/comp6214/coursework1#apply_CoronavirusJobRetentionScheme_Percentage,0.871
http://www.semanticweb.org/tianyiyuan/ontologies/comp6214/coursework1#AccommodationAndFoodServiceActivities,http://www.semanticweb.org/tianyiyuan/ontologies/comp6214/coursework1#apply_DeferringVATpayments_Percentage,0.806
http://www.semanticweb.org/tianyiyuan/ontologies/comp6214/coursework1#AccommodationAndFoodServiceActivities,http://www.semanticweb.org/tianyiyuan/ontologies/comp6214/coursework1#apply_Government-fundedSmallBusinessGrantOrLoanschemes_Percentage,0.249
http://www.semanticweb.org/tianyiyuan/ontologies/comp6214/coursework1#AccommodationAndFoodServiceActivities,http://www.semanticweb.org/tianyiyuan/ontologies/comp6214/coursework1#apply_HMRCTimeToPayscheme_Percentage,0.422
http://www.semanticweb.org/tianyiyuan/ontologies/comp6214/coursework1#AccommodationAndFoodServiceActivities,http://www.semanticweb.org/tianyiyuan/ontologies/comp6214/coursework1#apply_WeHaveNotAppliedForAnyOfTheseinitiatives_Percentage,0.027
http://www.semanticweb.org/tianyiyuan/ontologies/comp6214/coursework1#AccommodationAndFoodServiceActivities,http://www.semanticweb.org/tianyiyuan/ontologies/comp6214/coursework1#intend_AccreditedFinanceagreements_Percentage,0.122
http://www.semanticweb.org/tianyiyuan/ontologies/comp6214/coursework1#AccommodationAndFoodServiceActivities,http://www.semanticweb.org/tianyiyuan/ontologies/comp6214/coursework1#intend_BusinessRatesholiday_Percentage,0.18
http://www.semanticweb.org/tianyiyuan/ontologies/comp6214/coursework1#AccommodationAndFoodServiceActivities,http://www.semanticweb.org/tianyiyuan/ontologies/comp6214/coursework1#intend_CoronavirusJobRetentionScheme_Percentage,0.404
http://www.semanticweb.org/tianyiyuan/ontologies/comp6214/coursework1#AccommodationAndFoodServiceActivities,http://www.semanticweb.org/tianyiyuan/ontologies/comp6214/coursework1#intend_DeferringVATpayments_Percentage,0.235
http://www.semanticweb.org/tianyiyuan/ontologies/comp6214/coursework1#AccommodationAndFoodServiceActivities,http://www.semanticweb.org/tianyiyuan/ontologies/comp6214/coursework1#intend_Government-fundedSmallBusinessGrantOrLoanschemes_Percentage,0.061
http://www.semanticweb.org/tianyiyuan/ontologies/comp6214/coursework1#AccommodationAndFoodServiceActivities,http://www.semanticweb.org/tianyiyuan/ontologies/comp6214/coursework1#intend_HMRCTimeToPayscheme_Percentage,0.137
http://www.semanticweb.org/tianyiyuan/ontologies/comp6214/coursework1#AccommodationAndFoodServiceActivities,http://www.semanticweb.org/tianyiyuan/ontologies/comp6214/coursework1#intend_NoneOfTheabove_Percentage,0.398
http://www.semanticweb.org/tianyiyuan/ontologies/comp6214/coursework1#AccommodationAndFoodServiceActivities,http://www.semanticweb.org/tianyiyuan/ontologies/comp6214/coursework1#receive_AccreditedFinanceagreements_Percentage,0.035
http://www.semanticweb.org/tianyiyuan/ontologies/comp6214/coursework1#AccommodationAndFoodServiceActivities,http://www.semanticweb.org/tianyiyuan/ontologies/comp6214/coursework1#receive_BusinessRatesholiday_Percentage,0.633
http://www.semanticweb.org/tianyiyuan/ontologies/comp6214/coursework1#AccommodationAndFoodServiceActivities,http://www.semanticweb.org/tianyiyuan/ontologies/comp6214/coursework1#receive_CoronavirusJobRetentionScheme_Percentage,0.251
http://www.semanticweb.org/tianyiyuan/ontologies/comp6214/coursework1#AccommodationAndFoodServiceActivities,http://www.semanticweb.org/tianyiyuan/ontologies/comp6214/coursework1#receive_DeferringVATpayments_Percentage,0.596
http://www.semanticweb.org/tianyiyuan/ontologies/comp6214/coursework1#AccommodationAndFoodServiceActivities,http://www.semanticweb.org/tianyiyuan/ontologies/comp6214/coursework1#receive_Government-fundedSmallBusinessGrantOrLoanschemes_Percentage,0.178
http://www.semanticweb.org/tianyiyuan/ontologies/comp6214/coursework1#AccommodationAndFoodServiceActivities,http://www.semanticweb.org/tianyiyuan/ontologies/comp6214/coursework1#receive_HMRCTimeToPayscheme_Percentage,0.306
http://www.semanticweb.org/tianyiyuan/ontologies/comp6214/coursework1#AccommodationAndFoodServiceActivities,http://www.semanticweb.org/tianyiyuan/ontologies/comp6214/coursework1#receive_WehaventReceivedAnyThatWeAppliedfor_Percentage,0.129
http://www.semanticweb.org/tianyiyuan/ontologies/comp6214/coursework1#AdministrativeAndSupportServiceActivities,http://www.semanticweb.org/tianyiyuan/ontologies/comp6214/coursework1#apply_AccreditedFinanceagreements_Percentage,0.123
http://www.semanticweb.org/tianyiyuan/ontologies/comp6214/coursework1#AdministrativeAndSupportServiceActivities,http://www.semanticweb.org/tianyiyuan/ontologies/comp6214/coursework1#apply_BusinessRatesholiday_Percentage,0.201
http://www.semanticweb.org/tianyiyuan/ontologies/comp6214/coursework1#AdministrativeAndSupportServiceActivities,http://www.semanticweb.org/tianyiyuan/ontologies/comp6214/coursework1#apply_CoronavirusJobRetentionScheme_Percentage,0.757
http://www.semanticweb.org/tianyiyuan/ontologies/comp6214/coursework1#AdministrativeAndSupportServiceActivities,http://www.semanticweb.org/tianyiyuan/ontologies/comp6214/coursework1#apply_DeferringVATpayments_Percentage,0.637
http://www.semanticweb.org/tianyiyuan/ontologies/comp6214/coursework1#AdministrativeAndSupportServiceActivities,http://www.semanticweb.org/tianyiyuan/ontologies/comp6214/coursework1#apply_Government-fundedSmallBusinessGrantOrLoanschemes_Percentage,0.218
http://www.semanticweb.org/tianyiyuan/ontologies/comp6214/coursework1#AdministrativeAndSupportServiceActivities,http://www.semanticweb.org/tianyiyuan/ontologies/comp6214/coursework1#apply_HMRCTimeToPayscheme_Percentage,0.205
http://www.semanticweb.org/tianyiyuan/ontologies/comp6214/coursework1#AdministrativeAndSupportServiceActivities,http://www.semanticweb.org/tianyiyuan/ontologies/comp6214/coursework1#apply_WeHaveNotAppliedForAnyOfTheseinitiatives_Percentage,0.139
http://www.semanticweb.org/tianyiyuan/ontologies/comp6214/coursework1#AdministrativeAndSupportServiceActivities,http://www.semanticweb.org/tianyiyuan/ontologies/comp6214/coursework1#intend_AccreditedFinanceagreements_Percentage,0.09
http://www.semanticweb.org/tianyiyuan/ontologies/comp6214/coursework1#AdministrativeAndSupportServiceActivities,http://www.semanticweb.org/tianyiyuan/ontologies/comp6214/coursework1#intend_BusinessRatesholiday_Percentage,0.089
http://www.semanticweb.org/tianyiyuan/ontologies/comp6214/coursework1#AdministrativeAndSupportServiceActivities,http://www.semanticweb.org/tianyiyuan/ontologies/comp6214/coursework1#intend_CoronavirusJobRetentionScheme_Percentage,0.401
http://www.semanticweb.org/tianyiyuan/ontologies/comp6214/coursework1#AdministrativeAndSupportServiceActivities,http://www.semanticweb.org/tianyiyuan/ontologies/comp6214/coursework1#intend_DeferringVATpayments_Percentage,0.227
http://www.semanticweb.org/tianyiyuan/ontologies/comp6214/coursework1#AdministrativeAndSupportServiceActivities,http://www.semanticweb.org/tianyiyuan/ontologies/comp6214/coursework1#intend_Government-fundedSmallBusinessGrantOrLoanschemes_Percentage,0.063
http://www.semanticweb.org/tianyiyuan/ontologies/comp6214/coursework1#AdministrativeAndSupportServiceActivities,http://www.semanticweb.org/tianyiyuan/ontologies/comp6214/coursework1#intend_HMRCTimeToPayscheme_Percentage,0.102
http://www.semanticweb.org/tianyiyuan/ontologies/comp6214/coursework1#AdministrativeAndSupportServiceActivities,http://www.semanticweb.org/tianyiyuan/ontologies/comp6214/coursework1#intend_NoneOfTheabove_Percentage,0.45
http://www.semanticweb.org/tianyiyuan/ontologies/comp6214/coursework1#AdministrativeAndSupportServiceActivities,http://www.semanticweb.org/tianyiyuan/ontologies/comp6214/coursework1#receive_AccreditedFinanceagreements_Percentage,0.017
http://www.semanticweb.org/tianyiyuan/ontologies/comp6214/coursework1#AdministrativeAndSupportServiceActivities,http://www.semanticweb.org/tianyiyuan/ontologies/comp6214/coursework1#receive_BusinessRatesholiday_Percentage,0.12
http://www.semanticweb.org/tianyiyuan/ontologies/comp6214/coursework1#AdministrativeAndSupportServiceActivities,http://www.semanticweb.org/tianyiyuan/ontologies/comp6214/coursework1#receive_CoronavirusJobRetentionScheme_Percentage,0.28
http://www.semanticweb.org/tianyiyuan/ontologies/comp6214/coursework1#AdministrativeAndSupportServiceActivities,http://www.semanticweb.org/tianyiyuan/ontologies/comp6214/coursework1#receive_DeferringVATpayments_Percentage,0.469
http://www.semanticweb.org/tianyiyuan/ontologies/comp6214/coursework1#AdministrativeAndSupportServiceActivities,http://www.semanticweb.org/tianyiyuan/ontologies/comp6214/coursework1#receive_Government-fundedSmallBusinessGrantOrLoanschemes_Percentage,0.144
http://www.semanticweb.org/tianyiyuan/ontologies/comp6214/coursework1#AdministrativeAndSupportServiceActivities,http://www.semanticweb.org/tianyiyuan/ontologies/comp6214/coursework1#receive_HMRCTimeToPayscheme_Percentage,0.147
http://www.semanticweb.org/tianyiyuan/ontologies/comp6214/coursework1#AdministrativeAndSupportServiceActivities,http://www.semanticweb.org/tianyiyuan/ontologies/comp6214/coursework1#receive_WehaventReceivedAnyThatWeAppliedfor_Percentage,0.206
http://www.semanticweb.org/tianyiyuan/ontologies/comp6214/coursework1#ArtsEntertainmentAndRecreation,http://www.semanticweb.org/tianyiyuan/ontologies/comp6214/coursework1#apply_AccreditedFinanceagreements_Percentage,0.183
http://www.semanticweb.org/tianyiyuan/ontologies/comp6214/coursework1#ArtsEntertainmentAndRecreation,http://www.semanticweb.org/tianyiyuan/ontologies/comp6214/coursework1#apply_BusinessRatesholiday_Percentage,0.572
http://www.semanticweb.org/tianyiyuan/ontologies/comp6214/coursework1#ArtsEntertainmentAndRecreation,http://www.semanticweb.org/tianyiyuan/ontologies/comp6214/coursework1#apply_CoronavirusJobRetentionScheme_Percentage,0.763
http://www.semanticweb.org/tianyiyuan/ontologies/comp6214/coursework1#ArtsEntertainmentAndRecreation,http://www.semanticweb.org/tianyiyuan/ontologies/comp6214/coursework1#apply_DeferringVATpayments_Percentage,0.612
http://www.semanticweb.org/tianyiyuan/ontologies/comp6214/coursework1#ArtsEntertainmentAndRecreation,http://www.semanticweb.org/tianyiyuan/ontologies/comp6214/coursework1#apply_Government-fundedSmallBusinessGrantOrLoanschemes_Percentage,0.18
http://www.semanticweb.org/tianyiyuan/ontologies/comp6214/coursework1#ArtsEntertainmentAndRecreation,http://www.semanticweb.org/tianyiyuan/ontologies/comp6214/coursework1#apply_HMRCTimeToPayscheme_Percentage,0.331
http://www.semanticweb.org/tianyiyuan/ontologies/comp6214/coursework1#ArtsEntertainmentAndRecreation,http://www.semanticweb.org/tianyiyuan/ontologies/comp6214/coursework1#apply_WeHaveNotAppliedForAnyOfTheseinitiatives_Percentage,0.126
http://www.semanticweb.org/tianyiyuan/ontologies/comp6214/coursework1#ArtsEntertainmentAndRecreation,http://www.semanticweb.org/tianyiyuan/ontologies/comp6214/coursework1#intend_AccreditedFinanceagreements_Percentage,0.108
http://www.semanticweb.org/tianyiyuan/ontologies/comp6214/coursework1#ArtsEntertainmentAndRecreation,http://www.semanticweb.org/tianyiyuan/ontologies/comp6214/coursework1#intend_BusinessRatesholiday_Percentage,0.122
http://www.semanticweb.org/tianyiyuan/ontologies/comp6214/coursework1#ArtsEntertainmentAndRecreation,http://www.semanticweb.org/tianyiyuan/ontologies/comp6214/coursework1#intend_CoronavirusJobRetentionScheme_Percentage,0.41
http://www.semanticweb.org/tianyiyuan/ontologies/comp6214/coursework1#ArtsEntertainmentAndRecreation,http://www.semanticweb.org/tianyiyuan/ontologies/comp6214/coursework1#intend_DeferringVATpayments_Percentage,0.212
http://www.semanticweb.org/tianyiyuan/ontologies/comp6214/coursework1#ArtsEntertainmentAndRecreation,http://www.semanticweb.org/tianyiyuan/ontologies/comp6214/coursework1#intend_Government-fundedSmallBusinessGrantOrLoanschemes_Percentage,0.058
http://www.semanticweb.org/tianyiyuan/ontologies/comp6214/coursework1#ArtsEntertainmentAndRecreation,http://www.semanticweb.org/tianyiyuan/ontologies/comp6214/coursework1#intend_HMRCTimeToPayscheme_Percentage,0.104
http://www.semanticweb.org/tianyiyuan/ontologies/comp6214/coursework1#ArtsEntertainmentAndRecreation,http://www.semanticweb.org/tianyiyuan/ontologies/comp6214/coursework1#intend_NoneOfTheabove_Percentage,0.392
http://www.semanticweb.org/tianyiyuan/ontologies/comp6214/coursework1#ArtsEntertainmentAndRecreation,http://www.semanticweb.org/tianyiyuan/ontologies/comp6214/coursework1#receive_AccreditedFinanceagreements_Percentage,0.043
http://www.semanticweb.org/tianyiyuan/ontologies/comp6214/coursework1#ArtsEntertainmentAndRecreation,http://www.semanticweb.org/tianyiyuan/ontologies/comp6214/coursework1#receive_BusinessRatesholiday_Percentage,0.45
http://www.semanticweb.org/tianyiyuan/ontologies/comp6214/coursework1#ArtsEntertainmentAndRecreation,http://www.semanticweb.org/tianyiyuan/ontologies/comp6214/coursework1#receive_CoronavirusJobRetentionScheme_Percentage,0.219
http://www.semanticweb.org/tianyiyuan/ontologies/comp6214/coursework1#ArtsEntertainmentAndRecreation,http://www.semanticweb.org/tianyiyuan/ontologies/comp6214/coursework1#receive_DeferringVATpayments_Percentage,0.435
http://www.semanticweb.org/tianyiyuan/ontologies/comp6214/coursework1#ArtsEntertainmentAndRecreation,http://www.semanticweb.org/tianyiyuan/ontologies/comp6214/coursework1#receive_Government-fundedSmallBusinessGrantOrLoanschemes_Percentage,0.108
http://www.semanticweb.org/tianyiyuan/ontologies/comp6214/coursework1#ArtsEntertainmentAndRecreation,http://www.semanticweb.org/tianyiyuan/ontologies/comp6214/coursework1#receive_HMRCTimeToPayscheme_Percentage,0.255
http://www.semanticweb.org/tianyiyuan/ontologies/comp6214/coursework1#ArtsEntertainmentAndRecreation,http://www.semanticweb.org/tianyiyuan/ontologies/comp6214/coursework1#receive_WehaventReceivedAnyThatWeAppliedfor_Percentage,0.176
http://www.semanticweb.org/tianyiyuan/ontologies/comp6214/coursework1#Construction,http://www.semanticweb.org/tianyiyuan/ontologies/comp6214/coursework1#apply_AccreditedFinanceagreements_Percentage,0.096
http://www.semanticweb.org/tianyiyuan/ontologies/comp6214/coursework1#Construction,http://www.semanticweb.org/tianyiyuan/ontologies/comp6214/coursework1#apply_BusinessRatesholiday_Percentage,0.135
http://www.semanticweb.org/tianyiyuan/ontologies/comp6214/coursework1#Construction,http://www.semanticweb.org/tianyiyuan/ontologies/comp6214/coursework1#apply_CoronavirusJobRetentionScheme_Percentage,0.809
http://www.semanticweb.org/tianyiyuan/ontologies/comp6214/coursework1#Construction,http://www.semanticweb.org/tianyiyuan/ontologies/comp6214/coursework1#apply_DeferringVATpayments_Percentage,0.599
http://www.semanticweb.org/tianyiyuan/ontologies/comp6214/coursework1#Construction,http://www.semanticweb.org/tianyiyuan/ontologies/comp6214/coursework1#apply_Government-fundedSmallBusinessGrantOrLoanschemes_Percentage,0.06
http://www.semanticweb.org/tianyiyuan/ontologies/comp6214/coursework1#Construction,http://www.semanticweb.org/tianyiyuan/ontologies/comp6214/coursework1#apply_HMRCTimeToPayscheme_Percentage,0.287
http://www.semanticweb.org/tianyiyuan/ontologies/comp6214/coursework1#Construction,http://www.semanticweb.org/tianyiyuan/ontologies/comp6214/coursework1#apply_WeHaveNotAppliedForAnyOfTheseinitiatives_Percentage,0.117
http://www.semanticweb.org/tianyiyuan/ontologies/comp6214/coursework1#Construction,http://www.semanticweb.org/tianyiyuan/ontologies/comp6214/coursework1#intend_AccreditedFinanceagreements_Percentage,0.11
http://www.semanticweb.org/tianyiyuan/ontologies/comp6214/coursework1#Construction,http://www.semanticweb.org/tianyiyuan/ontologies/comp6214/coursework1#intend_BusinessRatesholiday_Percentage,0.032
http://www.semanticweb.org/tianyiyuan/ontologies/comp6214/coursework1#Construction,http://www.semanticweb.org/tianyiyuan/ontologies/comp6214/coursework1#intend_CoronavirusJobRetentionScheme_Percentage,0.429
http://www.semanticweb.org/tianyiyuan/ontologies/comp6214/coursework1#Construction,http://www.semanticweb.org/tianyiyuan/ontologies/comp6214/coursework1#intend_DeferringVATpayments_Percentage,0.174
http://www.semanticweb.org/tianyiyuan/ontologies/comp6214/coursework1#Construction,http://www.semanticweb.org/tianyiyuan/ontologies/comp6214/coursework1#intend_Government-fundedSmallBusinessGrantOrLoanschemes_Percentage,0.05
http://www.semanticweb.org/tianyiyuan/ontologies/comp6214/coursework1#Construction,http://www.semanticweb.org/tianyiyuan/ontologies/comp6214/coursework1#intend_HMRCTimeToPayscheme_Percentage,0.096
http://www.semanticweb.org/tianyiyuan/ontologies/comp6214/coursework1#Construction,http://www.semanticweb.org/tianyiyuan/ontologies/comp6214/coursework1#intend_NoneOfTheabove_Percentage,0.422
http://www.semanticweb.org/tianyiyuan/ontologies/comp6214/coursework1#Construction,http://www.semanticweb.org/tianyiyuan/ontologies/comp6214/coursework1#receive_AccreditedFinanceagreements_Percentage,0.018
http://www.semanticweb.org/tianyiyuan/ontologies/comp6214/coursework1#Construction,http://www.semanticweb.org/tianyiyuan/ontologies/comp6214/coursework1#receive_BusinessRatesholiday_Percentage,0.057
http://www.semanticweb.org/tianyiyuan/ontologies/comp6214/coursework1#Construction,http://www.semanticweb.org/tianyiyuan/ontologies/comp6214/coursework1#receive_CoronavirusJobRetentionScheme_Percentage,0.291
http://www.semanticweb.org/tianyiyuan/ontologies/comp6214/coursework1#Construction,http://www.semanticweb.org/tianyiyuan/ontologies/comp6214/coursework1#receive_DeferringVATpayments_Percentage,0.443
http://www.semanticweb.org/tianyiyuan/ontologies/comp6214/coursework1#Construction,http://www.semanticweb.org/tianyiyuan/ontologies/comp6214/coursework1#receive_Government-fundedSmallBusinessGrantOrLoanschemes_Percentage,0.021
http://www.semanticweb.org/tianyiyuan/ontologies/comp6214/coursework1#Construction,http://www.semanticweb.org/tianyiyuan/ontologies/comp6214/coursework1#receive_HMRCTimeToPayscheme_Percentage,0.234
http://www.semanticweb.org/tianyiyuan/ontologies/comp6214/coursework1#Construction,http://www.semanticweb.org/tianyiyuan/ontologies/comp6214/coursework1#receive_WehaventReceivedAnyThatWeAppliedfor_Percentage,0.27
http://www.semanticweb.org/tianyiyuan/ontologies/comp6214/coursework1#Education,http://www.semanticweb.org/tianyiyuan/ontologies/comp6214/coursework1#apply_AccreditedFinanceagreements_Percentage,0.028
http://www.semanticweb.org/tianyiyuan/ontologies/comp6214/coursework1#Education,http://www.semanticweb.org/tianyiyuan/ontologies/comp6214/coursework1#apply_BusinessRatesholiday_Percentage,0.085
http://www.semanticweb.org/tianyiyuan/ontologies/comp6214/coursework1#Education,http://www.semanticweb.org/tianyiyuan/ontologies/comp6214/coursework1#apply_CoronavirusJobRetentionScheme_Percentage,0.405
http://www.semanticweb.org/tianyiyuan/ontologies/comp6214/coursework1#Education,http://www.semanticweb.org/tianyiyuan/ontologies/comp6214/coursework1#apply_DeferringVATpayments_Percentage,0.263
http://www.semanticweb.org/tianyiyuan/ontologies/comp6214/coursework1#Education,http://www.semanticweb.org/tianyiyuan/ontologies/comp6214/coursework1#apply_Government-fundedSmallBusinessGrantOrLoanschemes_Percentage,0.022
http://www.semanticweb.org/tianyiyuan/ontologies/comp6214/coursework1#Education,http://www.semanticweb.org/tianyiyuan/ontologies/comp6214/coursework1#apply_HMRCTimeToPayscheme_Percentage,0.07
http://www.semanticweb.org/tianyiyuan/ontologies/comp6214/coursework1#Education,http://www.semanticweb.org/tianyiyuan/ontologies/comp6214/coursework1#apply_WeHaveNotAppliedForAnyOfTheseinitiatives_Percentage,0.484
http://www.semanticweb.org/tianyiyuan/ontologies/comp6214/coursework1#Education,http://www.semanticweb.org/tianyiyuan/ontologies/comp6214/coursework1#intend_AccreditedFinanceagreements_Percentage,0.066
http://www.semanticweb.org/tianyiyuan/ontologies/comp6214/coursework1#Education,http://www.semanticweb.org/tianyiyuan/ontologies/comp6214/coursework1#intend_BusinessRatesholiday_Percentage,0.098
http://www.semanticweb.org/tianyiyuan/ontologies/comp6214/coursework1#Education,http://www.semanticweb.org/tianyiyuan/ontologies/comp6214/coursework1#intend_CoronavirusJobRetentionScheme_Percentage,0.459
http://www.semanticweb.org/tianyiyuan/ontologies/comp6214/coursework1#Education,http://www.semanticweb.org/tianyiyuan/ontologies/comp6214/coursework1#intend_DeferringVATpayments_Percentage,0.174
http://www.semanticweb.org/tianyiyuan/ontologies/comp6214/coursework1#Education,http://www.semanticweb.org/tianyiyuan/ontologies/comp6214/coursework1#intend_Government-fundedSmallBusinessGrantOrLoanschemes_Percentage,*
http://www.semanticweb.org/tianyiyuan/ontologies/comp6214/coursework1#Education,http://www.semanticweb.org/tianyiyuan/ontologies/comp6214/coursework1#intend_HMRCTimeToPayscheme_Percentage,0.022
http://www.semanticweb.org/tianyiyuan/ontologies/comp6214/coursework1#Education,http://www.semanticweb.org/tianyiyuan/ontologies/comp6214/coursework1#intend_NoneOfTheabove_Percentage,0.421
http://www.semanticweb.org/tianyiyuan/ontologies/comp6214/coursework1#Education,http://www.semanticweb.org/tianyiyuan/ontologies/comp6214/coursework1#receive_AccreditedFinanceagreements_Percentage,*
http://www.semanticweb.org/tianyiyuan/ontologies/comp6214/coursework1#Education,http://www.semanticweb.org/tianyiyuan/ontologies/comp6214/coursework1#receive_BusinessRatesholiday_Percentage,0.038
http://www.semanticweb.org/tianyiyuan/ontologies/comp6214/coursework1#Education,http://www.semanticweb.org/tianyiyuan/ontologies/comp6214/coursework1#receive_CoronavirusJobRetentionScheme_Percentage,0.098
http://www.semanticweb.org/tianyiyuan/ontologies/comp6214/coursework1#Education,http://www.semanticweb.org/tianyiyuan/ontologies/comp6214/coursework1#receive_DeferringVATpayments_Percentage,0.184
http://www.semanticweb.org/tianyiyuan/ontologies/comp6214/coursework1#Education,http://www.semanticweb.org/tianyiyuan/ontologies/comp6214/coursework1#receive_Government-fundedSmallBusinessGrantOrLoanschemes_Percentage,*
http://www.semanticweb.org/tianyiyuan/ontologies/comp6214/coursework1#Education,http://www.semanticweb.org/tianyiyuan/ontologies/comp6214/coursework1#receive_HMRCTimeToPayscheme_Percentage,0.057
http://www.semanticweb.org/tianyiyuan/ontologies/comp6214/coursework1#Education,http://www.semanticweb.org/tianyiyuan/ontologies/comp6214/coursework1#receive_WehaventReceivedAnyThatWeAppliedfor_Percentage,0.228
http://www.semanticweb.org/tianyiyuan/ontologies/comp6214/coursework1#HumanHealthAndSocialWorkActivities,http://www.semanticweb.org/tianyiyuan/ontologies/comp6214/coursework1#apply_AccreditedFinanceagreements_Percentage,0.028
http://www.semanticweb.org/tianyiyuan/ontologies/comp6214/coursework1#HumanHealthAndSocialWorkActivities,http://www.semanticweb.org/tianyiyuan/ontologies/comp6214/coursework1#apply_BusinessRatesholiday_Percentage,0.134
http://www.semanticweb.org/tianyiyuan/ontologies/comp6214/coursework1#HumanHealthAndSocialWorkActivities,http://www.semanticweb.org/tianyiyuan/ontologies/comp6214/coursework1#apply_CoronavirusJobRetentionScheme_Percentage,0.345
http://www.semanticweb.org/tianyiyuan/ontologies/comp6214/coursework1#HumanHealthAndSocialWorkActivities,http://www.semanticweb.org/tianyiyuan/ontologies/comp6214/coursework1#apply_DeferringVATpayments_Percentage,0.162
http://www.semanticweb.org/tianyiyuan/ontologies/comp6214/coursework1#HumanHealthAndSocialWorkActivities,http://www.semanticweb.org/tianyiyuan/ontologies/comp6214/coursework1#apply_Government-fundedSmallBusinessGrantOrLoanschemes_Percentage,0.106
http://www.semanticweb.org/tianyiyuan/ontologies/comp6214/coursework1#HumanHealthAndSocialWorkActivities,http://www.semanticweb.org/tianyiyuan/ontologies/comp6214/coursework1#apply_HMRCTimeToPayscheme_Percentage,0.063
http://www.semanticweb.org/tianyiyuan/ontologies/comp6214/coursework1#HumanHealthAndSocialWorkActivities,http://www.semanticweb.org/tianyiyuan/ontologies/comp6214/coursework1#apply_WeHaveNotAppliedForAnyOfTheseinitiatives_Percentage,0.556
http://www.semanticweb.org/tianyiyuan/ontologies/comp6214/coursework1#HumanHealthAndSocialWorkActivities,http://www.semanticweb.org/tianyiyuan/ontologies/comp6214/coursework1#intend_AccreditedFinanceagreements_Percentage,0.014
http://www.semanticweb.org/tianyiyuan/ontologies/comp6214/coursework1#HumanHealthAndSocialWorkActivities,http://www.semanticweb.org/tianyiyuan/ontologies/comp6214/coursework1#intend_BusinessRatesholiday_Percentage,0.042
http://www.semanticweb.org/tianyiyuan/ontologies/comp6214/coursework1#HumanHealthAndSocialWorkActivities,http://www.semanticweb.org/tianyiyuan/ontologies/comp6214/coursework1#intend_CoronavirusJobRetentionScheme_Percentage,0.31
http://www.semanticweb.org/tianyiyuan/ontologies/comp6214/coursework1#HumanHealthAndSocialWorkActivities,http://www.semanticweb.org/tianyiyuan/ontologies/comp6214/coursework1#intend_DeferringVATpayments_Percentage,0.099
http://www.semanticweb.org/tianyiyuan/ontologies/comp6214/coursework1#HumanHealthAndSocialWorkActivities,http://www.semanticweb.org/tianyiyuan/ontologies/comp6214/coursework1#intend_Government-fundedSmallBusinessGrantOrLoanschemes_Percentage,0.035
http://www.semanticweb.org/tianyiyuan/ontologies/comp6214/coursework1#HumanHealthAndSocialWorkActivities,http://www.semanticweb.org/tianyiyuan/ontologies/comp6214/coursework1#intend_HMRCTimeToPayscheme_Percentage,0.056
http://www.semanticweb.org/tianyiyuan/ontologies/comp6214/coursework1#HumanHealthAndSocialWorkActivities,http://www.semanticweb.org/tianyiyuan/ontologies/comp6214/coursework1#intend_NoneOfTheabove_Percentage,0.585
http://www.semanticweb.org/tianyiyuan/ontologies/comp6214/coursework1#HumanHealthAndSocialWorkActivities,http://www.semanticweb.org/tianyiyuan/ontologies/comp6214/coursework1#receive_AccreditedFinanceagreements_Percentage,*
http://www.semanticweb.org/tianyiyuan/ontologies/comp6214/coursework1#HumanHealthAndSocialWorkActivities,http://www.semanticweb.org/tianyiyuan/ontologies/comp6214/coursework1#receive_BusinessRatesholiday_Percentage,0.092
http://www.semanticweb.org/tianyiyuan/ontologies/comp6214/coursework1#HumanHealthAndSocialWorkActivities,http://www.semanticweb.org/tianyiyuan/ontologies/comp6214/coursework1#receive_CoronavirusJobRetentionScheme_Percentage,0.085
http://www.semanticweb.org/tianyiyuan/ontologies/comp6214/coursework1#HumanHealthAndSocialWorkActivities,http://www.semanticweb.org/tianyiyuan/ontologies/comp6214/coursework1#receive_DeferringVATpayments_Percentage,0.155
http://www.semanticweb.org/tianyiyuan/ontologies/comp6214/coursework1#HumanHealthAndSocialWorkActivities,http://www.semanticweb.org/tianyiyuan/ontologies/comp6214/coursework1#receive_Government-fundedSmallBusinessGrantOrLoanschemes_Percentage,0.07
http://www.semanticweb.org/tianyiyuan/ontologies/comp6214/coursework1#HumanHealthAndSocialWorkActivities,http://www.semanticweb.org/tianyiyuan/ontologies/comp6214/coursework1#receive_HMRCTimeToPayscheme_Percentage,0.042
http://www.semanticweb.org/tianyiyuan/ontologies/comp6214/coursework1#HumanHealthAndSocialWorkActivities,http://www.semanticweb.org/tianyiyuan/ontologies/comp6214/coursework1#receive_WehaventReceivedAnyThatWeAppliedfor_Percentage,0.141
http://www.semanticweb.org/tianyiyuan/ontologies/comp6214/coursework1#InformationAndCommunication,http://www.semanticweb.org/tianyiyuan/ontologies/comp6214/coursework1#apply_AccreditedFinanceagreements_Percentage,0.038
http://www.semanticweb.org/tianyiyuan/ontologies/comp6214/coursework1#InformationAndCommunication,http://www.semanticweb.org/tianyiyuan/ontologies/comp6214/coursework1#apply_BusinessRatesholiday_Percentage,0.082
http://www.semanticweb.org/tianyiyuan/ontologies/comp6214/coursework1#InformationAndCommunication,http://www.semanticweb.org/tianyiyuan/ontologies/comp6214/coursework1#apply_CoronavirusJobRetentionScheme_Percentage,0.401
http://www.semanticweb.org/tianyiyuan/ontologies/comp6214/coursework1#InformationAndCommunication,http://www.semanticweb.org/tianyiyuan/ontologies/comp6214/coursework1#apply_DeferringVATpayments_Percentage,0.474
http://www.semanticweb.org/tianyiyuan/ontologies/comp6214/coursework1#InformationAndCommunication,http://www.semanticweb.org/tianyiyuan/ontologies/comp6214/coursework1#apply_Government-fundedSmallBusinessGrantOrLoanschemes_Percentage,0.036
http://www.semanticweb.org/tianyiyuan/ontologies/comp6214/coursework1#InformationAndCommunication,http://www.semanticweb.org/tianyiyuan/ontologies/comp6214/coursework1#apply_HMRCTimeToPayscheme_Percentage,0.137
http://www.semanticweb.org/tianyiyuan/ontologies/comp6214/coursework1#InformationAndCommunication,http://www.semanticweb.org/tianyiyuan/ontologies/comp6214/coursework1#apply_WeHaveNotAppliedForAnyOfTheseinitiatives_Percentage,0.373
http://www.semanticweb.org/tianyiyuan/ontologies/comp6214/coursework1#InformationAndCommunication,http://www.semanticweb.org/tianyiyuan/ontologies/comp6214/coursework1#intend_AccreditedFinanceagreements_Percentage,0.05
http://www.semanticweb.org/tianyiyuan/ontologies/comp6214/coursework1#InformationAndCommunication,http://www.semanticweb.org/tianyiyuan/ontologies/comp6214/coursework1#intend_BusinessRatesholiday_Percentage,0.07
http://www.semanticweb.org/tianyiyuan/ontologies/comp6214/coursework1#InformationAndCommunication,http://www.semanticweb.org/tianyiyuan/ontologies/comp6214/coursework1#intend_CoronavirusJobRetentionScheme_Percentage,0.26
http://www.semanticweb.org/tianyiyuan/ontologies/comp6214/coursework1#InformationAndCommunication,http://www.semanticweb.org/tianyiyuan/ontologies/comp6214/coursework1#intend_DeferringVATpayments_Percentage,0.163
http://www.semanticweb.org/tianyiyuan/ontologies/comp6214/coursework1#InformationAndCommunication,http://www.semanticweb.org/tianyiyuan/ontologies/comp6214/coursework1#intend_Government-fundedSmallBusinessGrantOrLoanschemes_Percentage,0.029
http://www.semanticweb.org/tianyiyuan/ontologies/comp6214/coursework1#InformationAndCommunication,http://www.semanticweb.org/tianyiyuan/ontologies/comp6214/coursework1#intend_HMRCTimeToPayscheme_Percentage,0.067
http://www.semanticweb.org/tianyiyuan/ontologies/comp6214/coursework1#InformationAndCommunication,http://www.semanticweb.org/tianyiyuan/ontologies/comp6214/coursework1#intend_NoneOfTheabove_Percentage,0.587
http://www.semanticweb.org/tianyiyuan/ontologies/comp6214/coursework1#InformationAndCommunication,http://www.semanticweb.org/tianyiyuan/ontologies/comp6214/coursework1#receive_AccreditedFinanceagreements_Percentage,0.01
http://www.semanticweb.org/tianyiyuan/ontologies/comp6214/coursework1#InformationAndCommunication,http://www.semanticweb.org/tianyiyuan/ontologies/comp6214/coursework1#receive_BusinessRatesholiday_Percentage,0.031
http://www.semanticweb.org/tianyiyuan/ontologies/comp6214/coursework1#InformationAndCommunication,http://www.semanticweb.org/tianyiyuan/ontologies/comp6214/coursework1#receive_CoronavirusJobRetentionScheme_Percentage,0.154
http://www.semanticweb.org/tianyiyuan/ontologies/comp6214/coursework1#InformationAndCommunication,http://www.semanticweb.org/tianyiyuan/ontologies/comp6214/coursework1#receive_DeferringVATpayments_Percentage,0.397
http://www.semanticweb.org/tianyiyuan/ontologies/comp6214/coursework1#InformationAndCommunication,http://www.semanticweb.org/tianyiyuan/ontologies/comp6214/coursework1#receive_Government-fundedSmallBusinessGrantOrLoanschemes_Percentage,0.017
http://www.semanticweb.org/tianyiyuan/ontologies/comp6214/coursework1#InformationAndCommunication,http://www.semanticweb.org/tianyiyuan/ontologies/comp6214/coursework1#receive_HMRCTimeToPayscheme_Percentage,0.106
http://www.semanticweb.org/tianyiyuan/ontologies/comp6214/coursework1#InformationAndCommunication,http://www.semanticweb.org/tianyiyuan/ontologies/comp6214/coursework1#receive_WehaventReceivedAnyThatWeAppliedfor_Percentage,0.127
http://www.semanticweb.org/tianyiyuan/ontologies/comp6214/coursework1#Manufacturing,http://www.semanticweb.org/tianyiyuan/ontologies/comp6214/coursework1#apply_AccreditedFinanceagreements_Percentage,0.086
http://www.semanticweb.org/tianyiyuan/ontologies/comp6214/coursework1#Manufacturing,http://www.semanticweb.org/tianyiyuan/ontologies/comp6214/coursework1#apply_BusinessRatesholiday_Percentage,0.14
http://www.semanticweb.org/tianyiyuan/ontologies/comp6214/coursework1#Manufacturing,http://www.semanticweb.org/tianyiyuan/ontologies/comp6214/coursework1#apply_CoronavirusJobRetentionScheme_Percentage,0.635
http://www.semanticweb.org/tianyiyuan/ontologies/comp6214/coursework1#Manufacturing,http://www.semanticweb.org/tianyiyuan/ontologies/comp6214/coursework1#apply_DeferringVATpayments_Percentage,0.443
http://www.semanticweb.org/tianyiyuan/ontologies/comp6214/coursework1#Manufacturing,http://www.semanticweb.org/tianyiyuan/ontologies/comp6214/coursework1#apply_Government-fundedSmallBusinessGrantOrLoanschemes_Percentage,0.048
http://www.semanticweb.org/tianyiyuan/ontologies/comp6214/coursework1#Manufacturing,http://www.semanticweb.org/tianyiyuan/ontologies/comp6214/coursework1#apply_HMRCTimeToPayscheme_Percentage,0.193
http://www.semanticweb.org/tianyiyuan/ontologies/comp6214/coursework1#Manufacturing,http://www.semanticweb.org/tianyiyuan/ontologies/comp6214/coursework1#apply_WeHaveNotAppliedForAnyOfTheseinitiatives_Percentage,0.26
http://www.semanticweb.org/tianyiyuan/ontologies/comp6214/coursework1#Manufacturing,http://www.semanticweb.org/tianyiyuan/ontologies/comp6214/coursework1#intend_AccreditedFinanceagreements_Percentage,0.066
http://www.semanticweb.org/tianyiyuan/ontologies/comp6214/coursework1#Manufacturing,http://www.semanticweb.org/tianyiyuan/ontologies/comp6214/coursework1#intend_BusinessRatesholiday_Percentage,0.081
http://www.semanticweb.org/tianyiyuan/ontologies/comp6214/coursework1#Manufacturing,http://www.semanticweb.org/tianyiyuan/ontologies/comp6214/coursework1#intend_CoronavirusJobRetentionScheme_Percentage,0.383
http://www.semanticweb.org/tianyiyuan/ontologies/comp6214/coursework1#Manufacturing,http://www.semanticweb.org/tianyiyuan/ontologies/comp6214/coursework1#intend_DeferringVATpayments_Percentage,0.167
http://www.semanticweb.org/tianyiyuan/ontologies/comp6214/coursework1#Manufacturing,http://www.semanticweb.org/tianyiyuan/ontologies/comp6214/coursework1#intend_Government-fundedSmallBusinessGrantOrLoanschemes_Percentage,0.028
http://www.semanticweb.org/tianyiyuan/ontologies/comp6214/coursework1#Manufacturing,http://www.semanticweb.org/tianyiyuan/ontologies/comp6214/coursework1#intend_HMRCTimeToPayscheme_Percentage,0.092
http://www.semanticweb.org/tianyiyuan/ontologies/comp6214/coursework1#Manufacturing,http://www.semanticweb.org/tianyiyuan/ontologies/comp6214/coursework1#intend_NoneOfTheabove_Percentage,0.481
http://www.semanticweb.org/tianyiyuan/ontologies/comp6214/coursework1#Manufacturing,http://www.semanticweb.org/tianyiyuan/ontologies/comp6214/coursework1#receive_AccreditedFinanceagreements_Percentage,0.013
http://www.semanticweb.org/tianyiyuan/ontologies/comp6214/coursework1#Manufacturing,http://www.semanticweb.org/tianyiyuan/ontologies/comp6214/coursework1#receive_BusinessRatesholiday_Percentage,0.079
http://www.semanticweb.org/tianyiyuan/ontologies/comp6214/coursework1#Manufacturing,http://www.semanticweb.org/tianyiyuan/ontologies/comp6214/coursework1#receive_CoronavirusJobRetentionScheme_Percentage,0.199
http://www.semanticweb.org/tianyiyuan/ontologies/comp6214/coursework1#Manufacturing,http://www.semanticweb.org/tianyiyuan/ontologies/comp6214/coursework1#receive_DeferringVATpayments_Percentage,0.33
http://www.semanticweb.org/tianyiyuan/ontologies/comp6214/coursework1#Manufacturing,http://www.semanticweb.org/tianyiyuan/ontologies/comp6214/coursework1#receive_Government-fundedSmallBusinessGrantOrLoanschemes_Percentage,0.026
http://www.semanticweb.org/tianyiyuan/ontologies/comp6214/coursework1#Manufacturing,http://www.semanticweb.org/tianyiyuan/ontologies/comp6214/coursework1#receive_HMRCTimeToPayscheme_Percentage,0.147
http://www.semanticweb.org/tianyiyuan/ontologies/comp6214/coursework1#Manufacturing,http://www.semanticweb.org/tianyiyuan/ontologies/comp6214/coursework1#receive_WehaventReceivedAnyThatWeAppliedfor_Percentage,0.237
http://www.semanticweb.org/tianyiyuan/ontologies/comp6214/coursework1#ProfessionalScientificAndTechnicalActivities,http://www.semanticweb.org/tianyiyuan/ontologies/comp6214/coursework1#apply_AccreditedFinanceagreements_Percentage,0.081
http://www.semanticweb.org/tianyiyuan/ontologies/comp6214/coursework1#ProfessionalScientificAndTechnicalActivities,http://www.semanticweb.org/tianyiyuan/ontologies/comp6214/coursework1#apply_BusinessRatesholiday_Percentage,0.126
http://www.semanticweb.org/tianyiyuan/ontologies/comp6214/coursework1#ProfessionalScientificAndTechnicalActivities,http://www.semanticweb.org/tianyiyuan/ontologies/comp6214/coursework1#apply_CoronavirusJobRetentionScheme_Percentage,0.622
http://www.semanticweb.org/tianyiyuan/ontologies/comp6214/coursework1#ProfessionalScientificAndTechnicalActivities,http://www.semanticweb.org/tianyiyuan/ontologies/comp6214/coursework1#apply_DeferringVATpayments_Percentage,0.662
http://www.semanticweb.org/tianyiyuan/ontologies/comp6214/coursework1#ProfessionalScientificAndTechnicalActivities,http://www.semanticweb.org/tianyiyuan/ontologies/comp6214/coursework1#apply_Government-fundedSmallBusinessGrantOrLoanschemes_Percentage,0.049
http://www.semanticweb.org/tianyiyuan/ontologies/comp6214/coursework1#ProfessionalScientificAndTechnicalActivities,http://www.semanticweb.org/tianyiyuan/ontologies/comp6214/coursework1#apply_HMRCTimeToPayscheme_Percentage,0.186
http://www.semanticweb.org/tianyiyuan/ontologies/comp6214/coursework1#ProfessionalScientificAndTechnicalActivities,http://www.semanticweb.org/tianyiyuan/ontologies/comp6214/coursework1#apply_WeHaveNotAppliedForAnyOfTheseinitiatives_Percentage,0.207
http://www.semanticweb.org/tianyiyuan/ontologies/comp6214/coursework1#ProfessionalScientificAndTechnicalActivities,http://www.semanticweb.org/tianyiyuan/ontologies/comp6214/coursework1#intend_AccreditedFinanceagreements_Percentage,0.074
http://www.semanticweb.org/tianyiyuan/ontologies/comp6214/coursework1#ProfessionalScientificAndTechnicalActivities,http://www.semanticweb.org/tianyiyuan/ontologies/comp6214/coursework1#intend_BusinessRatesholiday_Percentage,0.073
http://www.semanticweb.org/tianyiyuan/ontologies/comp6214/coursework1#ProfessionalScientificAndTechnicalActivities,http://www.semanticweb.org/tianyiyuan/ontologies/comp6214/coursework1#intend_CoronavirusJobRetentionScheme_Percentage,0.35
http://www.semanticweb.org/tianyiyuan/ontologies/comp6214/coursework1#ProfessionalScientificAndTechnicalActivities,http://www.semanticweb.org/tianyiyuan/ontologies/comp6214/coursework1#intend_DeferringVATpayments_Percentage,0.228
http://www.semanticweb.org/tianyiyuan/ontologies/comp6214/coursework1#ProfessionalScientificAndTechnicalActivities,http://www.semanticweb.org/tianyiyuan/ontologies/comp6214/coursework1#intend_Government-fundedSmallBusinessGrantOrLoanschemes_Percentage,0.023
http://www.semanticweb.org/tianyiyuan/ontologies/comp6214/coursework1#ProfessionalScientificAndTechnicalActivities,http://www.semanticweb.org/tianyiyuan/ontologies/comp6214/coursework1#intend_HMRCTimeToPayscheme_Percentage,0.083
http://www.semanticweb.org/tianyiyuan/ontologies/comp6214/coursework1#ProfessionalScientificAndTechnicalActivities,http://www.semanticweb.org/tianyiyuan/ontologies/comp6214/coursework1#intend_NoneOfTheabove_Percentage,0.503
http://www.semanticweb.org/tianyiyuan/ontologies/comp6214/coursework1#ProfessionalScientificAndTechnicalActivities,http://www.semanticweb.org/tianyiyuan/ontologies/comp6214/coursework1#receive_AccreditedFinanceagreements_Percentage,0.023
http://www.semanticweb.org/tianyiyuan/ontologies/comp6214/coursework1#ProfessionalScientificAndTechnicalActivities,http://www.semanticweb.org/tianyiyuan/ontologies/comp6214/coursework1#receive_BusinessRatesholiday_Percentage,0.078
http://www.semanticweb.org/tianyiyuan/ontologies/comp6214/coursework1#ProfessionalScientificAndTechnicalActivities,http://www.semanticweb.org/tianyiyuan/ontologies/comp6214/coursework1#receive_CoronavirusJobRetentionScheme_Percentage,0.216
http://www.semanticweb.org/tianyiyuan/ontologies/comp6214/coursework1#ProfessionalScientificAndTechnicalActivities,http://www.semanticweb.org/tianyiyuan/ontologies/comp6214/coursework1#receive_DeferringVATpayments_Percentage,0.518
http://www.semanticweb.org/tianyiyuan/ontologies/comp6214/coursework1#ProfessionalScientificAndTechnicalActivities,http://www.semanticweb.org/tianyiyuan/ontologies/comp6214/coursework1#receive_Government-fundedSmallBusinessGrantOrLoanschemes_Percentage,0.022
http://www.semanticweb.org/tianyiyuan/ontologies/comp6214/coursework1#ProfessionalScientificAndTechnicalActivities,http://www.semanticweb.org/tianyiyuan/ontologies/comp6214/coursework1#receive_HMRCTimeToPayscheme_Percentage,0.146
http://www.semanticweb.org/tianyiyuan/ontologies/comp6214/coursework1#ProfessionalScientificAndTechnicalActivities,http://www.semanticweb.org/tianyiyuan/ontologies/comp6214/coursework1#receive_WehaventReceivedAnyThatWeAppliedfor_Percentage,0.176
http://www.semanticweb.org/tianyiyuan/ontologies/comp6214/coursework1#TransportationAndStorage,http://www.semanticweb.org/tianyiyuan/ontologies/comp6214/coursework1#apply_AccreditedFinanceagreements_Percentage,0.092
http://www.semanticweb.org/tianyiyuan/ontologies/comp6214/coursework1#TransportationAndStorage,http://www.semanticweb.org/tianyiyuan/ontologies/comp6214/coursework1#apply_BusinessRatesholiday_Percentage,0.241
http://www.semanticweb.org/tianyiyuan/ontologies/comp6214/coursework1#TransportationAndStorage,http://www.semanticweb.org/tianyiyuan/ontologies/comp6214/coursework1#apply_CoronavirusJobRetentionScheme_Percentage,0.766
http://www.semanticweb.org/tianyiyuan/ontologies/comp6214/coursework1#TransportationAndStorage,http://www.semanticweb.org/tianyiyuan/ontologies/comp6214/coursework1#apply_DeferringVATpayments_Percentage,0.553
http://www.semanticweb.org/tianyiyuan/ontologies/comp6214/coursework1#TransportationAndStorage,http://www.semanticweb.org/tianyiyuan/ontologies/comp6214/coursework1#apply_Government-fundedSmallBusinessGrantOrLoanschemes_Percentage,0.064
http://www.semanticweb.org/tianyiyuan/ontologies/comp6214/coursework1#TransportationAndStorage,http://www.semanticweb.org/tianyiyuan/ontologies/comp6214/coursework1#apply_HMRCTimeToPayscheme_Percentage,0.248
http://www.semanticweb.org/tianyiyuan/ontologies/comp6214/coursework1#TransportationAndStorage,http://www.semanticweb.org/tianyiyuan/ontologies/comp6214/coursework1#apply_WeHaveNotAppliedForAnyOfTheseinitiatives_Percentage,0.167
http://www.semanticweb.org/tianyiyuan/ontologies/comp6214/coursework1#TransportationAndStorage,http://www.semanticweb.org/tianyiyuan/ontologies/comp6214/coursework1#intend_AccreditedFinanceagreements_Percentage,0.074
http://www.semanticweb.org/tianyiyuan/ontologies/comp6214/coursework1#TransportationAndStorage,http://www.semanticweb.org/tianyiyuan/ontologies/comp6214/coursework1#intend_BusinessRatesholiday_Percentage,0.096
http://www.semanticweb.org/tianyiyuan/ontologies/comp6214/coursework1#TransportationAndStorage,http://www.semanticweb.org/tianyiyuan/ontologies/comp6214/coursework1#intend_CoronavirusJobRetentionScheme_Percentage,0.355
http://www.semanticweb.org/tianyiyuan/ontologies/comp6214/coursework1#TransportationAndStorage,http://www.semanticweb.org/tianyiyuan/ontologies/comp6214/coursework1#intend_DeferringVATpayments_Percentage,0.199
http://www.semanticweb.org/tianyiyuan/ontologies/comp6214/coursework1#TransportationAndStorage,http://www.semanticweb.org/tianyiyuan/ontologies/comp6214/coursework1#intend_Government-fundedSmallBusinessGrantOrLoanschemes_Percentage,0.021
http://www.semanticweb.org/tianyiyuan/ontologies/comp6214/coursework1#TransportationAndStorage,http://www.semanticweb.org/tianyiyuan/ontologies/comp6214/coursework1#intend_HMRCTimeToPayscheme_Percentage,0.078
http://www.semanticweb.org/tianyiyuan/ontologies/comp6214/coursework1#TransportationAndStorage,http://www.semanticweb.org/tianyiyuan/ontologies/comp6214/coursework1#intend_NoneOfTheabove_Percentage,0.489
http://www.semanticweb.org/tianyiyuan/ontologies/comp6214/coursework1#TransportationAndStorage,http://www.semanticweb.org/tianyiyuan/ontologies/comp6214/coursework1#receive_AccreditedFinanceagreements_Percentage,0.025
http://www.semanticweb.org/tianyiyuan/ontologies/comp6214/coursework1#TransportationAndStorage,http://www.semanticweb.org/tianyiyuan/ontologies/comp6214/coursework1#receive_BusinessRatesholiday_Percentage,0.145
http://www.semanticweb.org/tianyiyuan/ontologies/comp6214/coursework1#TransportationAndStorage,http://www.semanticweb.org/tianyiyuan/ontologies/comp6214/coursework1#receive_CoronavirusJobRetentionScheme_Percentage,0.287
http://www.semanticweb.org/tianyiyuan/ontologies/comp6214/coursework1#TransportationAndStorage,http://www.semanticweb.org/tianyiyuan/ontologies/comp6214/coursework1#receive_DeferringVATpayments_Percentage,0.44
http://www.semanticweb.org/tianyiyuan/ontologies/comp6214/coursework1#TransportationAndStorage,http://www.semanticweb.org/tianyiyuan/ontologies/comp6214/coursework1#receive_Government-fundedSmallBusinessGrantOrLoanschemes_Percentage,0.025
http://www.semanticweb.org/tianyiyuan/ontologies/comp6214/coursework1#TransportationAndStorage,http://www.semanticweb.org/tianyiyuan/ontologies/comp6214/coursework1#receive_HMRCTimeToPayscheme_Percentage,0.188
http://www.semanticweb.org/tianyiyuan/ontologies/comp6214/coursework1#TransportationAndStorage,http://www.semanticweb.org/tianyiyuan/ontologies/comp6214/coursework1#receive_WehaventReceivedAnyThatWeAppliedfor_Percentage,0.184
http://www.semanticweb.org/tianyiyuan/ontologies/comp6214/coursework1#WaterSupplySewerageWasteManagementAndRemediationActivities,http://www.semanticweb.org/tianyiyuan/ontologies/comp6214/coursework1#apply_AccreditedFinanceagreements_Percentage,0.1
http://www.semanticweb.org/tianyiyuan/ontologies/comp6214/coursework1#WaterSupplySewerageWasteManagementAndRemediationActivities,http://www.semanticweb.org/tianyiyuan/ontologies/comp6214/coursework1#apply_BusinessRatesholiday_Percentage,0.157
http://www.semanticweb.org/tianyiyuan/ontologies/comp6214/coursework1#WaterSupplySewerageWasteManagementAndRemediationActivities,http://www.semanticweb.org/tianyiyuan/ontologies/comp6214/coursework1#apply_CoronavirusJobRetentionScheme_Percentage,0.686
http://www.semanticweb.org/tianyiyuan/ontologies/comp6214/coursework1#WaterSupplySewerageWasteManagementAndRemediationActivities,http://www.semanticweb.org/tianyiyuan/ontologies/comp6214/coursework1#apply_DeferringVATpayments_Percentage,0.571
http://www.semanticweb.org/tianyiyuan/ontologies/comp6214/coursework1#WaterSupplySewerageWasteManagementAndRemediationActivities,http://www.semanticweb.org/tianyiyuan/ontologies/comp6214/coursework1#apply_Government-fundedSmallBusinessGrantOrLoanschemes_Percentage,0.057
http://www.semanticweb.org/tianyiyuan/ontologies/comp6214/coursework1#WaterSupplySewerageWasteManagementAndRemediationActivities,http://www.semanticweb.org/tianyiyuan/ontologies/comp6214/coursework1#apply_HMRCTimeToPayscheme_Percentage,0.214
http://www.semanticweb.org/tianyiyuan/ontologies/comp6214/coursework1#WaterSupplySewerageWasteManagementAndRemediationActivities,http://www.semanticweb.org/tianyiyuan/ontologies/comp6214/coursework1#apply_WeHaveNotAppliedForAnyOfTheseinitiatives_Percentage,0.214
http://www.semanticweb.org/tianyiyuan/ontologies/comp6214/coursework1#WaterSupplySewerageWasteManagementAndRemediationActivities,http://www.semanticweb.org/tianyiyuan/ontologies/comp6214/coursework1#intend_AccreditedFinanceagreements_Percentage,0.071
http://www.semanticweb.org/tianyiyuan/ontologies/comp6214/coursework1#WaterSupplySewerageWasteManagementAndRemediationActivities,http://www.semanticweb.org/tianyiyuan/ontologies/comp6214/coursework1#intend_BusinessRatesholiday_Percentage,0.071
http://www.semanticweb.org/tianyiyuan/ontologies/comp6214/coursework1#WaterSupplySewerageWasteManagementAndRemediationActivities,http://www.semanticweb.org/tianyiyuan/ontologies/comp6214/coursework1#intend_CoronavirusJobRetentionScheme_Percentage,0.386
http://www.semanticweb.org/tianyiyuan/ontologies/comp6214/coursework1#WaterSupplySewerageWasteManagementAndRemediationActivities,http://www.semanticweb.org/tianyiyuan/ontologies/comp6214/coursework1#intend_DeferringVATpayments_Percentage,0.229
http://www.semanticweb.org/tianyiyuan/ontologies/comp6214/coursework1#WaterSupplySewerageWasteManagementAndRemediationActivities,http://www.semanticweb.org/tianyiyuan/ontologies/comp6214/coursework1#intend_Government-fundedSmallBusinessGrantOrLoanschemes_Percentage,0.029
http://www.semanticweb.org/tianyiyuan/ontologies/comp6214/coursework1#WaterSupplySewerageWasteManagementAndRemediationActivities,http://www.semanticweb.org/tianyiyuan/ontologies/comp6214/coursework1#intend_HMRCTimeToPayscheme_Percentage,0.143
http://www.semanticweb.org/tianyiyuan/ontologies/comp6214/coursework1#WaterSupplySewerageWasteManagementAndRemediationActivities,http://www.semanticweb.org/tianyiyuan/ontologies/comp6214/coursework1#intend_NoneOfTheabove_Percentage,0.457
http://www.semanticweb.org/tianyiyuan/ontologies/comp6214/coursework1#WaterSupplySewerageWasteManagementAndRemediationActivities,http://www.semanticweb.org/tianyiyuan/ontologies/comp6214/coursework1#receive_AccreditedFinanceagreements_Percentage,0.043
http://www.semanticweb.org/tianyiyuan/ontologies/comp6214/coursework1#WaterSupplySewerageWasteManagementAndRemediationActivities,http://www.semanticweb.org/tianyiyuan/ontologies/comp6214/coursework1#receive_BusinessRatesholiday_Percentage,0.043
http://www.semanticweb.org/tianyiyuan/ontologies/comp6214/coursework1#WaterSupplySewerageWasteManagementAndRemediationActivities,http://www.semanticweb.org/tianyiyuan/ontologies/comp6214/coursework1#receive_CoronavirusJobRetentionScheme_Percentage,0.286
http://www.semanticweb.org/tianyiyuan/ontologies/comp6214/coursework1#WaterSupplySewerageWasteManagementAndRemediationActivities,http://www.semanticweb.org/tianyiyuan/ontologies/comp6214/coursework1#receive_DeferringVATpayments_Percentage,0.371
http://www.semanticweb.org/tianyiyuan/ontologies/comp6214/coursework1#WaterSupplySewerageWasteManagementAndRemediationActivities,http://www.semanticweb.org/tianyiyuan/ontologies/comp6214/coursework1#receive_Government-fundedSmallBusinessGrantOrLoanschemes_Percentage,0.014
http://www.semanticweb.org/tianyiyuan/ontologies/comp6214/coursework1#WaterSupplySewerageWasteManagementAndRemediationActivities,http://www.semanticweb.org/tianyiyuan/ontologies/comp6214/coursework1#receive_HMRCTimeToPayscheme_Percentage,0.157
http://www.semanticweb.org/tianyiyuan/ontologies/comp6214/coursework1#WaterSupplySewerageWasteManagementAndRemediationActivities,http://www.semanticweb.org/tianyiyuan/ontologies/comp6214/coursework1#receive_WehaventReceivedAnyThatWeAppliedfor_Percentage,0.243
http://www.semanticweb.org/tianyiyuan/ontologies/comp6214/coursework1#WholesaleAndRetailTrade;RepairOfMotorVehiclesAndMotorcycles,http://www.semanticweb.org/tianyiyuan/ontologies/comp6214/coursework1#apply_AccreditedFinanceagreements_Percentage,0.09
http://www.semanticweb.org/tianyiyuan/ontologies/comp6214/coursework1#WholesaleAndRetailTrade;RepairOfMotorVehiclesAndMotorcycles,http://www.semanticweb.org/tianyiyuan/ontologies/comp6214/coursework1#apply_BusinessRatesholiday_Percentage,0.446
http://www.semanticweb.org/tianyiyuan/ontologies/comp6214/coursework1#WholesaleAndRetailTrade;RepairOfMotorVehiclesAndMotorcycles,http://www.semanticweb.org/tianyiyuan/ontologies/comp6214/coursework1#apply_CoronavirusJobRetentionScheme_Percentage,0.726
http://www.semanticweb.org/tianyiyuan/ontologies/comp6214/coursework1#WholesaleAndRetailTrade;RepairOfMotorVehiclesAndMotorcycles,http://www.semanticweb.org/tianyiyuan/ontologies/comp6214/coursework1#apply_DeferringVATpayments_Percentage,0.601
http://www.semanticweb.org/tianyiyuan/ontologies/comp6214/coursework1#WholesaleAndRetailTrade;RepairOfMotorVehiclesAndMotorcycles,http://www.semanticweb.org/tianyiyuan/ontologies/comp6214/coursework1#apply_Government-fundedSmallBusinessGrantOrLoanschemes_Percentage,0.133
http://www.semanticweb.org/tianyiyuan/ontologies/comp6214/coursework1#WholesaleAndRetailTrade;RepairOfMotorVehiclesAndMotorcycles,http://www.semanticweb.org/tianyiyuan/ontologies/comp6214/coursework1#apply_HMRCTimeToPayscheme_Percentage,0.25
http://www.semanticweb.org/tianyiyuan/ontologies/comp6214/coursework1#WholesaleAndRetailTrade;RepairOfMotorVehiclesAndMotorcycles,http://www.semanticweb.org/tianyiyuan/ontologies/comp6214/coursework1#apply_WeHaveNotAppliedForAnyOfTheseinitiatives_Percentage,0.155
http://www.semanticweb.org/tianyiyuan/ontologies/comp6214/coursework1#WholesaleAndRetailTrade;RepairOfMotorVehiclesAndMotorcycles,http://www.semanticweb.org/tianyiyuan/ontologies/comp6214/coursework1#intend_AccreditedFinanceagreements_Percentage,0.083
http://www.semanticweb.org/tianyiyuan/ontologies/comp6214/coursework1#WholesaleAndRetailTrade;RepairOfMotorVehiclesAndMotorcycles,http://www.semanticweb.org/tianyiyuan/ontologies/comp6214/coursework1#intend_BusinessRatesholiday_Percentage,0.093
http://www.semanticweb.org/tianyiyuan/ontologies/comp6214/coursework1#WholesaleAndRetailTrade;RepairOfMotorVehiclesAndMotorcycles,http://www.semanticweb.org/tianyiyuan/ontologies/comp6214/coursework1#intend_CoronavirusJobRetentionScheme_Percentage,0.321
http://www.semanticweb.org/tianyiyuan/ontologies/comp6214/coursework1#WholesaleAndRetailTrade;RepairOfMotorVehiclesAndMotorcycles,http://www.semanticweb.org/tianyiyuan/ontologies/comp6214/coursework1#intend_DeferringVATpayments_Percentage,0.158
http://www.semanticweb.org/tianyiyuan/ontologies/comp6214/coursework1#WholesaleAndRetailTrade;RepairOfMotorVehiclesAndMotorcycles,http://www.semanticweb.org/tianyiyuan/ontologies/comp6214/coursework1#intend_Government-fundedSmallBusinessGrantOrLoanschemes_Percentage,0.042
http://www.semanticweb.org/tianyiyuan/ontologies/comp6214/coursework1#WholesaleAndRetailTrade;RepairOfMotorVehiclesAndMotorcycles,http://www.semanticweb.org/tianyiyuan/ontologies/comp6214/coursework1#intend_HMRCTimeToPayscheme_Percentage,0.076
http://www.semanticweb.org/tianyiyuan/ontologies/comp6214/coursework1#WholesaleAndRetailTrade;RepairOfMotorVehiclesAndMotorcycles,http://www.semanticweb.org/tianyiyuan/ontologies/comp6214/coursework1#intend_NoneOfTheabove_Percentage,0.538
http://www.semanticweb.org/tianyiyuan/ontologies/comp6214/coursework1#WholesaleAndRetailTrade;RepairOfMotorVehiclesAndMotorcycles,http://www.semanticweb.org/tianyiyuan/ontologies/comp6214/coursework1#receive_AccreditedFinanceagreements_Percentage,0.015
http://www.semanticweb.org/tianyiyuan/ontologies/comp6214/coursework1#WholesaleAndRetailTrade;RepairOfMotorVehiclesAndMotorcycles,http://www.semanticweb.org/tianyiyuan/ontologies/comp6214/coursework1#receive_BusinessRatesholiday_Percentage,0.334
http://www.semanticweb.org/tianyiyuan/ontologies/comp6214/coursework1#WholesaleAndRetailTrade;RepairOfMotorVehiclesAndMotorcycles,http://www.semanticweb.org/tianyiyuan/ontologies/comp6214/coursework1#receive_CoronavirusJobRetentionScheme_Percentage,0.239
http://www.semanticweb.org/tianyiyuan/ontologies/comp6214/coursework1#WholesaleAndRetailTrade;RepairOfMotorVehiclesAndMotorcycles,http://www.semanticweb.org/tianyiyuan/ontologies/comp6214/coursework1#receive_DeferringVATpayments_Percentage,0.469
http://www.semanticweb.org/tianyiyuan/ontologies/comp6214/coursework1#WholesaleAndRetailTrade;RepairOfMotorVehiclesAndMotorcycles,http://www.semanticweb.org/tianyiyuan/ontologies/comp6214/coursework1#receive_Government-fundedSmallBusinessGrantOrLoanschemes_Percentage,0.091
http://www.semanticweb.org/tianyiyuan/ontologies/comp6214/coursework1#WholesaleAndRetailTrade;RepairOfMotorVehiclesAndMotorcycles,http://www.semanticweb.org/tianyiyuan/ontologies/comp6214/coursework1#receive_HMRCTimeToPayscheme_Percentage,0.183
http://www.semanticweb.org/tianyiyuan/ontologies/comp6214/coursework1#WholesaleAndRetailTrade;RepairOfMotorVehiclesAndMotorcycles,http://www.semanticweb.org/tianyiyuan/ontologies/comp6214/coursework1#receive_WehaventReceivedAnyThatWeAppliedfor_Percentage,0.16
